Standardized_name,YPD,LET,Flor,LD,IG,PSH,PA,Missing,MissingCollection
,,,,,,,,,
AAB,1,3,1.333333333,3,0.331754674,0,2.645502646,AMS,AMS
,,,,,,,,,
AAD,1.666666667,2,0.333333333,1.666666667,54.25367297,0,1.419422988,AMT,AMT
,,,,,,,,,
AAE,2.666666667,1,1,3,0.012770577,0,6.100689434,ATK,ATK
,,,,,,,,,
AAG,1.666666667,1,0.333333333,2,3.295774431,0,1.773571381,CHN,CHN
,,,,,,,,,
AAI,1,1,0,1,0.046560495,0,0.82147337,CHP,CHP
,,,,,,,,,
AAK,1,2,0,1,0.01019368,0,0.62294278,CHQ,CHQ
,,,,,,,,,
AAL,1,1,0,1,0.113285142,0,0.736119364,SACE_YAL,SACE_YAL
,,,,,,,,,
AAP,2,1,0,1,0.108329861,0,0.975204897,SACE_YCW,SACE_YCW
,,,,,,,,,
AAQ,1,1,0.333333333,1,0,0,1.736317423,SACE_YCX,SACE_YCX
,,,,,,,,,
AAR,1,1.666666667,1.666666667,2,0.171852742,0,5.62676249,SACE_YCY,SACE_YCY
,,,,,,,,,
AAS,1.666666667,1,3.333333333,1.333333333,0.629993754,0,1.699535033,SACE_YCZ,SACE_YCZ
,,,,,,,,,
AAT,1,1.333333333,0,1,0.011005533,0,0.697922267,SACE_YDA,SACE_YDA
,,,,,,,,,
ABA,1,1.666666667,0.333333333,1.666666667,0.278884065,0,4.294579785,SACE_YDG,SACE_YDG
,,,,,,,,,
ABB,1,1.666666667,0,1,0,0,1.02047553,SACE_YDL,SACE_YDL
,,,,,,,,,
ABC,2,1.666666667,0,2,0.055923071,0,1.262390478,AAA,
,,,,,,,,,
ABD,1,1,1,1,2.083560886,0,1.710381122,AAC,
,,,,,,,,,
ABE,1,1,0,1,0.135627866,0,1.601920229,AAH,
,,,,,,,,,
ABF,1,1.333333333,0,2,0.075369191,0,0.718671307,AAM,
,,,,,,,,,
ABG,1,2,0,2,0.129185306,0,0.783276273,AAN,
,,,,,,,,,
ABH,1,1.666666667,0,2,0.046282715,0,0.195701176,AAV,
,,,,,,,,,
ABI,1,1,0,1,0.002483855,0,0.332456215,ABT,
,,,,,,,,,
ABK,1.333333333,1.333333333,1,2,0.415702801,0,2.924199983,ACM,
,,,,,,,,,
ABL,1.333333333,1.333333333,1,2,0.27549994,0,2.850163634,ACQ,
,,,,,,,,,
ABM,1,0,0,1,0.162429008,0,0.539946618,ADM,
,,,,,,,,,
ABP,1,1,0,1,0.007033833,0,0.737534071,AEK,
,,,,,,,,,
ABQ,1,0,0,1,0.009502693,0,0.499863245,AER,
,,,,,,,,,
ABR,1,1.333333333,0,1,0.05221767,0,3.17177376,AFS,
,,,,,,,,,
ABS,1,1,0,1,0.042962603,0,1.315206217,AGB,
,,,,,,,,,
ABV,1,1,0,1,0.004012922,0,0.072621641,AGE,
,,,,,,,,,
ACA,2,1,1.333333333,2,0.031087383,0,0.179667827,AHG,
,,,,,,,,,
ACB,1.333333333,1.333333333,1.333333333,1,0.025403657,0,0.177309981,AHP,
,,,,,,,,,
ACC,1,1,0,1,0.010480689,0,0.253704175,AHQ,
,,,,,,,,,
ACD,1,2.666666667,0.333333333,3,0.021487285,0,0.157504079,AIG,
,,,,,,,,,
ACF,1,1,0,1.666666667,0.033649614,0,0.039140235,AIN,
,,,,,,,,,
ACG,1,1,0,1,0.020403999,0,0.215507078,AKI,
,,,,,,,,,
ACH,1,1.333333333,0,1,0.006593479,0,3.62212225,AKM,
,,,,,,,,,
ACI,1,2,0.666666667,2,0.225773098,0,0.653123202,ALI,
,,,,,,,,,
ACK,1,1.333333333,0,1,0.092514856,0,1.66982618,API,
,,,,,,,,,
ACL,1,1,0,1,24.94966115,0,0.939365645,APV,
,,,,,,,,,
ACN,1.333333333,1.333333333,0,1.333333333,0.029634172,0,0.058946137,AQE,
,,,,,,,,,
ACP,1,2,3.333333333,1.666666667,0.479330866,10.88831449,2.778956701,AQN,
,,,,,,,,,
ACR,1,1,0,1.666666667,0,0,0.533344651,ASD,
,,,,,,,,,
ACS,1,1.666666667,0,1,0.001689389,0,0.110347169,ATQ,
,,,,,,,,,
ACT,1,1,0,1,0.030169325,0,0.156089372,AVP,
,,,,,,,,,
ACV,1,1,0,1,0.392029632,0,0.092427543,BAR,
,,,,,,,,,
ADA,1.333333333,1.333333333,0,1.666666667,0.010553295,0,0.191457054,BBF,
,,,,,,,,,
ADB,1,1.666666667,0.333333333,1,0.097500622,0,1.390657273,BBG,
,,,,,,,,,
ADC,1,1,1.666666667,1.333333333,0.027027662,0,5.250921918,BCG,
,,,,,,,,,
ADD,1,1,0,1.666666667,0.120779312,0,0.312178744,BCN,
,,,,,,,,,
ADE,1,1.666666667,0,1.333333333,0.122956093,0,0.171651152,BEB,
,,,,,,,,,
ADF,1,2.333333333,0,1,0.00821389,0,0.054702015,BEC,
,,,,,,,,,
ADG,1,1,0,1,0.001736563,0,0.119778551,BFA,
,,,,,,,,,
ADH,1,1.666666667,0,1.333333333,0.009458277,0,0.149487404,BHC,
,,,,,,,,,
ADI,1,2,0,1,0.095649802,0,0.158918786,BHI,
,,,,,,,,,
ADK,1,2,0,2,1.200025423,0,2.232408115,BIQ,
,,,,,,,,,
ADL,2,1,0,2,0.017643598,0,1.021890238,BLH,
,,,,,,,,,
ADN,1,3.666666667,0.333333333,3,0.00229442,0,0.431957295,BRL,
,,,,,,,,,
ADP,1,2,0,1,0.002753911,0,3.319374888,BRQ,
,,,,,,,,,
ADQ,1,2,0.333333333,1,0,0,0.096671665,BVC,
,,,,,,,,,
ADR,1,1.333333333,0.333333333,1,0,0,0.104216771,BVG,
,,,,,,,,,
ADS,1,1,0,1,0.181840631,0,0.951626442,BVH,
,,,,,,,,,
ADT,2,1,0,2,0.026278233,0,0.533344651,CAI,
,,,,,,,,,
ADV,2,1.666666667,0,2,0.06086157,0,0.121664828,CBK,
,,,,,,,,,
AEA,1.333333333,2.333333333,2,1,30.11737183,0,7.643663526,CBM,
,,,,,,,,,
AEB,1.666666667,2,0,2,0.047508036,49.66622,1.95748333,CCI,
,,,,,,,,,
AEC,1,1,0,1,0.643412472,0,0.116005998,CFF,
,,,,,,,,,
AEE,1,1.333333333,0.333333333,1,53.53313296,24.17733,0.215978647,CIL,
,,,,,,,,,
AEF,1,1.666666667,0.333333333,1,0.017452725,0,0.132039348,CIQ,
,,,,,,,,,
AEG,1,1,0,1,0.011983074,0,0.063190259,CLQ,
,,,,,,,,,
AEH,1,2,0,2,0.006853114,4.374772148,0.369238605,CMT,
,,,,,,,,,
AEI,2,2,0.666666667,3,0.009256688,0,2.147525677,CNG,
,,,,,,,,,
AEL,1.666666667,1,0,1.666666667,0.080417522,0,0.993596092,CNI,
,,,,,,,,,
AEM,2,0,0,1,2.464527441,0,0.084410869,CNK,
,,,,,,,,,
AEN,2,1.333333333,1,2,0.051640511,0,9.300285771,CNM,
,,,,,,,,,
AEP,1.333333333,0,0,1.333333333,0.194633174,0,1.310962095,CNP,
,,,,,,,,,
AEQ,1,1.666666667,0.666666667,1,0.071124141,0,3.806977336,CNR,
,,,,,,,,,
AES,1,2.333333333,0.666666667,1.333333333,0.036856024,0,8.184553283,CQT,
,,,,,,,,,
AET,1.333333333,2,0,1,0.002319002,0,0.225410029,SACE_GAP,
,,,,,,,,,
AEV,1,2,0.333333333,1.666666667,0.590512086,0,2.018315744,SACE_GAS,
,,,,,,,,,
AFA,1.666666667,0,0,1,0,0,1.408576899,SACE_GAT,
,,,,,,,,,
AFB,1.666666667,1.333333333,0,1,0,0,0.09950108,SACE_MAA,
,,,,,,,,,
AFC,1,2,0,1,0.024916944,0,0.500334814,SACE_MAB,
,,,,,,,,,
AFD,1,0,0,1,0.007560293,0,0.098086373,SACE_MAL,
,,,,,,,,,
AFE,1,2,0,2,0.074076192,0,0.896924426,SACE_YCI,
,,,,,,,,,
AFF,1,1,0,1,0.007429412,0,0.365466052,SACE_YCK,
,,,,,,,,,
AFG,1,1.666666667,0,1,0.012023399,0,0.444218091,SACE_YCL,
,,,,,,,,,
AFH,1.666666667,1,1,1.666666667,17.47335527,40.86905929,0.60690943,SACE_YCO,
,,,,,,,,,
AFI,1,2,1,1,0.011274593,0,22.52261174,SACE_YCQ,
,,,,,,,,,
AFK,1,1,0,2,0.207387282,0,1.06763244,SACE_YCR,
,,,,,,,,,
AFL,1,1.666666667,1,1.666666667,0.335844853,0,0.835620443,SACE_YCT,
,,,,,,,,,
AFM,2,2,0,2,0.010194926,0,0.35084741,,
,,,,,,,,,
AFN,1,1.333333333,0,1,0.011513853,0,0.920031312,,
,,,,,,,,,
AFP,2,2,0.666666667,1.666666667,0.068203519,0,27.10862123,,
,,,,,,,,,
AFQ,1,1,0.333333333,1,0.028997035,0,0.620113365,,
,,,,,,,,,
AFR,1,1.333333333,1,1.333333333,0.025036773,6.00399,7.538032048,,
,,,,,,,,,
AFT,1.333333333,0,0,1,0.048460974,0,0.676701657,,
,,,,,,,,,
AFV,1,0,0.333333333,1,0,0,4.598741854,,
,,,,,,,,,
AGA,1,1,2.333333333,1,0,21.817285,4.126229616,,
,,,,,,,,,
AGC,1,1.333333333,0,2,0.0934229,0,0.303218931,,
,,,,,,,,,
AGF,1,1.333333333,1.666666667,1,0.021907599,0,34.84093974,,
,,,,,,,,,
AGG,2,5,0,3.5,0,0,3.509888804,,
,,,,,,,,,
AGH,1,1.333333333,0,1.333333333,0.102533323,0,0.338115044,,
,,,,,,,,,
AGI,1,2,0,1,0.048120568,0,2.641258524,,
,,,,,,,,,
AGK,1,0,0,1,0.047015432,0,0.311707174,,
,,,,,,,,,
AGL,1,1.333333333,0.666666667,1.333333333,19.30675122,52.33718738,0.526271115,,
,,,,,,,,,
AGM,1,1.666666667,0,1.333333333,0,0,0.552207415,,
,,,,,,,,,
AGN,1,1,0,1,0,0,0.877590093,,
,,,,,,,,,
AGP,1,1.666666667,0,2,0.131781462,0,0.555508399,,
,,,,,,,,,
AGR,1,1,1.666666667,1,0.036634482,0,17.87152571,,
,,,,,,,,,
AGS,2,1,1.333333333,2,0.026560425,0,3.640041875,,
,,,,,,,,,
AGT,1.333333333,1.333333333,0,1.666666667,0.799816374,22.51804,1.191183544,,
,,,,,,,,,
AGV,1,1,0,1,0.146759098,0,1.870714616,,
,,,,,,,,,
AHA,1,1.333333333,0,1,0.405106919,0,2.033877524,,
,,,,,,,,,
AHB,1,1,0,2,0.426240713,0,0.489488725,,
,,,,,,,,,
AHC,1,1,2,1.666666667,0.026556578,0,37.55293363,,
,,,,,,,,,
AHD,1,1,0,2,1.195157091,0,0.519197578,,
,,,,,,,,,
AHE,1,1,0,1.333333333,0.030645863,0,1.069518717,,
,,,,,,,,,
AHF,1,1,0,1,0.029477632,0,1.50713484,,
,,,,,,,,,
AHH,1,1,1,1,0.030386525,0,11.9750257,,
,,,,,,,,,
AHI,1.666666667,1.333333333,0,1.333333333,0.070922365,0,0.298974809,,
,,,,,,,,,
AHK,1,1,0,1,0.304296243,0,0.292372841,,
,,,,,,,,,
AHL,2,1,0,1,0.620721851,0,0.404134718,,
,,,,,,,,,
AHM,1,1,0,1,0.045093331,0,0.711126201,,
,,,,,,,,,
AHN,1,1,0,1.333333333,0.005819648,0,0.496562261,,
,,,,,,,,,
AHR,1,1,0.333333333,1,0.064011453,0,0.831847891,,
,,,,,,,,,
AHS,1.333333333,2,0,1,9.377714767,0,0.437144555,,
,,,,,,,,,
AHT,1,1,0,1,0.028601376,0,0.106574616,,
,,,,,,,,,
AHV,2,1,0.333333333,2,0.055066476,0,0.190985485,,
,,,,,,,,,
AIA,1,1,0,2,0.054671599,0,0.67528695,,
,,,,,,,,,
AIB,1,1,0.666666667,1,0.314302955,0,11.70906073,,
,,,,,,,,,
AIC,1,1,3.666666667,1,0.094028808,0,17.95735129,,
,,,,,,,,,
AID,1.666666667,2,0,1.666666667,0.004800138,7.28586,2.209772798,,
,,,,,,,,,
AIE,1,2.5,0,1.333333333,0.748998255,10.56446505,1.757066463,,
,,,,,,,,,
AIF,1,2,0,1,63.6424274,67.94169979,2.231464977,,
,,,,,,,,,
AII,1,1,1.333333333,1.666666667,68.79862549,38.40128,5.74701261,,
,,,,,,,,,
AIK,1,1,0,1,4.105222962,20.80381,1.271350291,,
,,,,,,,,,
AIL,1,1,0,1,3.085388735,21.800285,0.731875242,,
,,,,,,,,,
AIM,1,1,0,1.333333333,0.015456696,0,1.071876562,,
,,,,,,,,,
AIP,1,1,0,2,0.032643287,0,1.54391723,,
,,,,,,,,,
AIQ,2,1.666666667,1.666666667,2,0.038840057,0,6.844353903,,
,,,,,,,,,
AIR,1,0,0,0.5,0.002525253,0,1.457620085,,
,,,,,,,,,
AIT,1,1,0,1,0.012626263,0,2.208358091,,
,,,,,,,,,
AKB,1,1,0,1,0.033333333,16.788965,1.5703251,,
,,,,,,,,,
AKC,1,1,0,1,6.719415081,26.27774667,0.191928623,,
,,,,,,,,,
AKD,1,1,0,1,2.637365933,11.85964,0.256062021,,
,,,,,,,,,
AKE,1,1,0,1,0.064085864,21.13737,2.279093456,,
,,,,,,,,,
AKG,1.666666667,1,0.333333333,3,89.37616912,47.041805,2.130549189,,
,,,,,,,,,
AKH,1,1,0,1,2.454936888,16.236555,1.18788256,,
,,,,,,,,,
AKL,1,1,0,1.5,0.005747126,0,2.249384602,,
,,,,,,,,,
AKN,1.666666667,1,0,1,0.037037037,14.337965,2.741702742,,
,,,,,,,,,
AKP,1,1,0,1,0.002364066,15.53744,2.628054589,,
,,,,,,,,,
AKQ,1,2,3.333333333,1.5,0,0,22.27786738,,
,,,,,,,,,
AKR,2,2,0,2,0.390779332,0,1.970215696,,
,,,,,,,,,
AKS,1,1.666666667,4,1.333333333,0.041945608,0,24.04247894,,
,,,,,,,,,
AKT,2,2,1.333333333,2,51.01035313,19.94022,4.514802554,,
,,,,,,,,,
AKV,1,1,0,1,1.62215115,17.556185,1.389714135,,
,,,,,,,,,
ALA,1,1,0,1,0.667329033,0,1.018589254,,
,,,,,,,,,
ALB,1,1,0,1.666666667,0.150395677,0,0.797894916,,
,,,,,,,,,
ALC,1.666666667,2,0,2,0.08210649,0,0.896924426,,
,,,,,,,,,
ALD,1,1,0,1.333333333,7.066072848,7.063175,2.483754445,,
,,,,,,,,,
ALE,1,1.333333333,0,1.333333333,0.004796163,14.10447,2.82611361,,
,,,,,,,,,
ALG,1,2,0,2,0.002487562,0,2.438012242,,
,,,,,,,,,
ALH,2,2,0,1.666666667,0.038056147,0,4.252610135,,
,,,,,,,,,
ALK,1,1.333333333,0,1.5,0.01369863,0,2.242311066,,
,,,,,,,,,
ALL,1,1.333333333,0.333333333,3,69.81684982,50.39087,3.406143602,,
,,,,,,,,,
ALM,2,1,0,1.333333333,80.05367478,55.369115,2.812438107,,
,,,,,,,,,
ALN,1,1,0,1,5.109038693,20.801865,1.882032274,,
,,,,,,,,,
ALP,1,5,0.666666667,1.666666667,19.77614251,29.44949,1.870243047,,
,,,,,,,,,
ALQ,3,5,3.666666667,4.333333333,51.67197592,41.42426326,17.27923493,,
,,,,,,,,,
ALR,1,1,0,1,2.833226938,19.14556333,0.420168067,,
,,,,,,,,,
ALS,1,1,2.333333333,1,0,0,2.060756963,,
,,,,,,,,,
ALT,1,1.666666667,2.666666667,1.333333333,0.037385737,0,4.864235256,,
,,,,,,,,,
ALV,1,1,0,1,0.037736569,0,0.077337332,,
,,,,,,,,,
AMA,1,1,3.666666667,1,0.104098066,20.91059333,7.632817437,,
,,,,,,,,,
AMB,1,2,0,1,6.045608552,0,1.846193023,,
,,,,,,,,,
AMC,1,1,0,1,0.004463353,0,2.027747126,,
,,,,,,,,,
AMD,1,1,0,1.666666667,0.075772927,0,3.692386045,,
,,,,,,,,,
AMF,1,1,0,1,0.081043073,0,1.965028436,,
,,,,,,,,,
AMG,1,1,0,1,0.206178166,0,0.163634477,,
,,,,,,,,,
AMH,2,2,0,2,0.051151045,0,2.5592055,,
,,,,,,,,,
AMI,1,1,0,1,0.044564503,0,0.121664828,,
,,,,,,,,,
AMK,1,1,0,1,0.016337189,0,0.111290307,,
,,,,,,,,,
AML,1,1,0,1,0.022041068,0,0.121193258,,
,,,,,,,,,
AMM,1,1.666666667,0,2,25.96366686,17.689385,1.314734648,,
,,,,,,,,,
AMN,1,1,0,1,0.379827771,11.84285667,0.107989324,,
,,,,,,,,,
AMP,1,1,0,1,0.620105453,32.9773202,6.477473144,,
,,,,,,,,,
AMQ,1,1.333333333,0,1,0.023494689,10.14127,1.548632921,,
,,,,,,,,,
AMR,1,1,0,1,0.282244279,0,0.997840214,,
,,,,,,,,,
ANA,1,1,0,2,0.089086134,0,0.466381839,,
,,,,,,,,,
ANC,1,1,0,1,0.192855122,0,1.110073659,,
,,,,,,,,,
AND,1,1,0,1,0.003246753,0,0.400833734,,
,,,,,,,,,
ANE,1,1,0,1,0.017777778,0,1.759424308,,
,,,,,,,,,
ANF,1,1,0,1,0.029623824,0,1.865055787,,
,,,,,,,,,
ANG,1,1,0,1,0.054980551,11.87353,2.569580021,,
,,,,,,,,,
ANH,1,1,0,1,0.006493506,0,1.107244244,,
,,,,,,,,,
ANI,1,2,0,1,0.054409083,0,1.540144677,,
,,,,,,,,,
ANK,1,1,0,1,0.040788031,0,1.462807345,,
,,,,,,,,,
ANL,1.333333333,1,1.333333333,1,1.448316138,0,2.860538155,,
,,,,,,,,,
ANM,1.666666667,1,0,1.333333333,5.611971527,0,2.431881844,,
,,,,,,,,,
ANN,1,1,0,1,3.602030635,16.897505,1.275122844,,
,,,,,,,,,
ANP,1,1.333333333,0,1,17.82201405,0,1.131294269,,
,,,,,,,,,
ANQ,1,2,3.333333333,1,0.402094436,11.1548155,20.95370135,,
,,,,,,,,,
ANR,1,1,0,1,0.036231884,0,9.79779117,,
,,,,,,,,,
ANS,1,1.333333333,0,1,0.065678453,0,4.250723859,,
,,,,,,,,,
ANT,1,1,0.666666667,1,0.002192982,0,6.177083628,,
,,,,,,,,,
ANV,2,2,1,1.666666667,0.004761905,0,9.595488027,,
,,,,,,,,,
APA,1,2,1,1,0,0,11.11912779,,
,,,,,,,,,
APC,1,2.333333333,0.666666667,1,0.316156947,4.7795975,15.71409709,,
,,,,,,,,,
APD,1.666666667,3,0,2,0.597199491,9.189903,3.468862292,,
,,,,,,,,,
APE,1,1.333333333,2,1,0.157221502,0,6.08701393,,
,,,,,,,,,
APF,1,2,0.333333333,1,2.873860294,7.3027315,1.535900556,,
,,,,,,,,,
APG,1,1,2.666666667,1,0.173541519,0,6.321383772,,
,,,,,,,,,
APH,1,1,0,1,0.364445181,8.37671,0.456007319,,
,,,,,,,,,
APK,1,1,0,1,0.107490255,0,0.311707174,,
,,,,,,,,,
APL,1,1,0,1,1.356782732,0,0.778089013,,
,,,,,,,,,
APM,1,1,0,1,0.608792177,17.38665667,1.544860368,,
,,,,,,,,,
APN,1,2,0,2,0.036446816,0,0.178724689,,
,,,,,,,,,
APP,1,1,0,1,0.031162233,0,0.644634958,,
,,,,,,,,,
APQ,1,1.333333333,0,1,0.989745164,28.5315583,1.877788152,,
,,,,,,,,,
APR,1,1,0,1,1.660744813,25.72287767,0.669628121,,
,,,,,,,,,
APS,1,1.333333333,0,1,0.028371865,0,0.97897745,,
,,,,,,,,,
APT,1,1.666666667,0,1.666666667,77.94549426,49.93011589,1.179865886,,
,,,,,,,,,
AQA,1,1,0,1,1.162380555,0,0.258891435,,
,,,,,,,,,
AQB,1,1,2.333333333,1,0.016269852,0,30.94200643,,
,,,,,,,,,
AQC,1,1,2.333333333,1,0.130109074,0,10.60653218,,
,,,,,,,,,
AQD,1,2,0,1.5,0.021200365,0,1.66416735,,
,,,,,,,,,
AQG,1,1,1,1,15.85901433,11.29754052,6.476058437,,
,,,,,,,,,
AQH,1,1,0,1,14.62509978,28.93135,2.01501476,,
,,,,,,,,,
AQI,1,1.666666667,0,1,0.043590185,2.915937682,1.512322101,,
,,,,,,,,,
AQM,1,2,0,1.333333333,74.54287351,18.84791149,33.49696781,,
,,,,,,,,,
AQP,1.666666667,0.333333333,2,1,0.024631152,0,4.644484056,,
,,,,,,,,,
AQQ,1,1.666666667,2.333333333,1,0.119927454,0,2.903450943,,
,,,,,,,,,
AQR,1,3,0.666666667,3,75.25192338,47.47529025,3.837157759,,
,,,,,,,,,
AQS,1,2,0,1.333333333,0.768087581,0,1.074705977,,
,,,,,,,,,
AQT,1,1,0.666666667,1,0.022152397,0,6.598666403,,
,,,,,,,,,
ARA,1.333333333,1,0,1.333333333,9.647925093,44.15622667,1.261918909,,
,,,,,,,,,
ARB,2,5,0,3,61.24187132,58.31371569,2.639372247,,
,,,,,,,,,
ARE,1,1,0,1,0.02988561,0,0.809212574,,
,,,,,,,,,
ARG,1,0,0,1,0.161017052,10.83232007,0.729517396,,
,,,,,,,,,
ARH,1,3,0,3,12.26360603,15.14429146,7.746937159,,
,,,,,,,,,
ARI,2,2,0,3.333333333,73.1051271,17.53720566,6.910845146,,
,,,,,,,,,
ARK,1,1,0,1,37.00799172,26.48930148,0.597949618,,
,,,,,,,,,
ARL,2,2,0,1.333333333,0.141070141,0,0.734704656,,
,,,,,,,,,
ARM,3,5,0,3,14.94415175,22.87306961,3.023229494,,
,,,,,,,,,
ARN,1,1,0,1,0.046042582,0,0.252289468,,
,,,,,,,,,
ARP,1,1,0,1,0.134145934,0,1.214761999,,
,,,,,,,,,
ARQ,2,3,0,1,23.0455929,13.99684683,1.464222052,,
,,,,,,,,,
ARR,1,1,0,1,34.48534619,11.38196232,0.815342972,,
,,,,,,,,,
ARS,1.333333333,2,0.666666667,1.666666667,87.4958942,2.972802024,65.81831386,,
,,,,,,,,,
ART,1,2,1,1.333333333,0.010738687,0,29.05525847,,
,,,,,,,,,
ARV,3,3,0,2,87.31171506,21.40976245,0.838449858,,
,,,,,,,,,
ASA,1,1,1.666666667,1,0.139409263,0,7.738448915,,
,,,,,,,,,
ASB,1,0,0,1,0.033392949,0,0.482415188,,
,,,,,,,,,
ASC,1,1,1.666666667,1.333333333,1.617983741,0,5.237246414,,
,,,,,,,,,
ASE,1,1,0,1,0.176870562,0,1.401031793,,
,,,,,,,,,
ASG,1,0,0,1,0.01251674,0,0.759226249,,
,,,,,,,,,
ASH,1,1,0,1,0.065503991,0,1.072348131,,
,,,,,,,,,
ASL,1,1,0,1,0.00248682,0,1.332182705,,
,,,,,,,,,
ASM,1,1,0,1.666666667,0.022408457,0,0.130153071,,
,,,,,,,,,
ASN,1,1,1.666666667,1,83.55464722,74.00213788,4.448311311,,
,,,,,,,,,
ASP,1,1.666666667,0,1.333333333,0.057111229,0,1.302002282,,
,,,,,,,,,
ASR,1.333333333,1.666666667,0.333333333,2,0.390973623,10.00186263,3.784813589,,
,,,,,,,,,
ASS,1,1.666666667,0,2,39.53826653,13.4091777,5.573475181,,
,,,,,,,,,
AST,1,1,0,1,48.37246805,31.04931593,0.8530685,,
,,,,,,,,,
ASV,1,1,0,1,1.491599614,16.79639169,0.587575097,,
,,,,,,,,,
ATA,1,1.666666667,3,1,0.724120644,17.21538117,13.29589075,,
,,,,,,,,,
ATB,1,1,0,1,0.41767313,28.07457333,0.598421187,,
,,,,,,,,,
ATC,2,2,0,2,29.43618047,27.0960394,2.479038754,,
,,,,,,,,,
ATD,3.666666667,5,0,4,0.359688393,3.453888383,1.374152355,,
,,,,,,,,,
ATE,1,1,0,1,0.020599952,6.281733813,1.075177546,,
,,,,,,,,,
ATH,1,1,4,1,0.024248837,0,12.11979741,,
,,,,,,,,,
ATM,1,1.333333333,0,1.333333333,0.110091699,0,2.530439785,,
,,,,,,,,,
ATN,1,3,0.666666667,1.333333333,82.69326395,30.80592008,2.982674551,,
,,,,,,,,,
ATP,1,1,0,1,26.07931205,52.23249247,1.966443143,,
,,,,,,,,,
ATR,2,1.333333333,0,2,0.148253809,3.79944851,0.278225768,,
,,,,,,,,,
ATS,1,1.666666667,0,1,0.746191095,0,0.783276273,,
,,,,,,,,,
ATV,2,1,0,1,2.437100429,27.6288,2.854879325,,
,,,,,,,,,
AVB,2,1,0,1.333333333,0,47.90904339,1.330296428,,
,,,,,,,,,
AVC,1,1,0.666666667,1,0.123568018,12.94577709,2.058870686,,
,,,,,,,,,
AVD,1,2,3,1,0.022066001,0,6.006847183,,
,,,,,,,,,
AVH,1,1.666666667,3.333333333,1,0.021979781,0,3.593828104,,
,,,,,,,,,
AVI,2.666666667,2,0,1,2.790960452,0,2.290411114,,
,,,,,,,,,
AVK,1,2,0,1,0,0,3.461788756,,
,,,,,,,,,
AVL,1,2,0,2,9.518951613,21.63294333,8.459949636,,
,,,,,,,,,
AVM,1.666666667,2,0,2,0.319882168,0,2.131963897,,
,,,,,,,,,
AVN,1,1,1,1,0,13.04574,0.464023993,,
,,,,,,,,,
AVQ,1,1,0.666666667,3,85.5384218,137.8402667,3.466976016,,
,,,,,,,,,
AVR,1,1,1.333333333,3,81.4942197,97.56728667,7.677144932,,
,,,,,,,,,
AVS,1,1,1,1,69.67465212,132.9965667,20.23738788,,
,,,,,,,,,
AVT,1,1,0,3,28.3489676,114.27927,2.618623207,,
,,,,,,,,,
AVV,1,0,0,1,0.157760191,0,0.317837573,,
,,,,,,,,,
BAA,1,1,1,1,0.019319023,0,0.092427543,,
,,,,,,,,,
BAB,1,1,0.666666667,1,0.004272956,0,0.227767875,,
,,,,,,,,,
BAC,1,1,0.666666667,1,0.02100294,0,0.069792227,,
,,,,,,,,,
BAD,1,1,0.666666667,1,0.016226092,0,0.289071858,,
,,,,,,,,,
BAE,1,1,0.666666667,1,0.089725398,0,0.120721689,,
,,,,,,,,,
BAF,1,3,0,1.666666667,0.538020286,19.66057333,1.764139999,,
,,,,,,,,,
BAG,1,1,0,1,0.006498344,0,1.137424667,,
,,,,,,,,,
BAH,1,1,0,1,0.782046734,11.88663267,0.722915429,,
,,,,,,,,,
BAI,1,1,0,1,0.41337564,0,1.816484169,,
,,,,,,,,,
BAK,1,1,0,1,0.163666947,0,0.353676824,,
,,,,,,,,,
BAL,1,1,0,1.666666667,0.90224623,0,0.533344651,,
,,,,,,,,,
BAM,1,2,0,2,0,0,2.40217299,,
,,,,,,,,,
BAN,1,1,0,1,0.002882841,0,4.735025323,,
,,,,,,,,,
BAP,1,1,0,1,0.461761388,0,0.626715333,,
,,,,,,,,,
BAQ,1,2,0,2.333333333,0.02221094,0,3.06708542,,
,,,,,,,,,
BAS,1,2,0.666666667,1,2.134874915,16.42126667,4.104065869,,
,,,,,,,,,
BAT,1,1.333333333,0,1,3.392253137,15.50419,0.789406672,,
,,,,,,,,,
BAV,1,1,0,1,5.507219188,16.81586333,1.092154033,,
,,,,,,,,,
BBA,1,2,2,1,3.932650796,10.68806,8.919729508,,
,,,,,,,,,
BBB,1,1,0,1,11.76795596,26.96793667,0.548906431,,
,,,,,,,,,
BBC,1,1,0,1,0.034970969,0,0.14665799,,
,,,,,,,,,
BBD,1.666666667,5,3,4,80.28959305,31.6333,4.657216422,,
,,,,,,,,,
BBE,2,5,3.666666667,5,68.94936537,40.556891,5.722491017,,
,,,,,,,,,
BBH,1,1.666666667,0.333333333,1,0.017897092,0,4.48037801,,
,,,,,,,,,
BBI,1,2,3.333333333,1,0.510169272,0,21.47525677,,
,,,,,,,,,
BBK,1,1,1.666666667,1.666666667,0.047679606,0,23.47423818,,
,,,,,,,,,
BBL,1,1,0,1.666666667,0.173150299,0,1.752822341,,
,,,,,,,,,
BBM,2,2.666666667,0,3,2.005214722,8.260776333,0.790821379,,
,,,,,,,,,
BBP,1,2,0,2,0.214999895,0,0.718671307,,
,,,,,,,,,
BBQ,1,1,0,1,0.371354889,0,1.048298107,,
,,,,,,,,,
BBR,1,1,0,1,0.049022784,0,0.340944459,,
,,,,,,,,,
BBS,1,1,0,1,0.011226495,0,0.318309142,,
,,,,,,,,,
BBT,1,1,0,1,0.203104523,21.34392667,0.1098756,,
,,,,,,,,,
BBV,1,1,0,1,0,0,0.473926945,,
,,,,,,,,,
BCA,1,2,0,2,0.285486976,0,1.458563223,,
,,,,,,,,,
BCB,1.666666667,5,0,3,9.335150173,10.50945667,3.219873808,,
,,,,,,,,,
BCC,1.333333333,1,0,2,53.86726099,24.22491,3.613162437,,
,,,,,,,,,
BCD,2,2,0,2,22.37609875,16.50535,1.13035113,,
,,,,,,,,,
BCE,2.333333333,3.666666667,0,4,80.05399438,52.17472,0.582859406,,
,,,,,,,,,
BCF,1,2.333333333,0,3,8.968564959,65.48279,3.887615652,,
,,,,,,,,,
BCH,1,4,0,3,25.2343992,26.06222,1.560422149,,
,,,,,,,,,
BCI,1,3.666666667,0,3,31.2009412,74.43991237,0.722915429,,
,,,,,,,,,
BCK,1,3.666666667,0.333333333,3,65.19358329,28.81668667,4.477548595,,
,,,,,,,,,
BCL,1.333333333,2,0,1,11.94906129,25.88835667,0.812041989,,
,,,,,,,,,
BCM,2,5,0.666666667,3,48.33179162,25.5482,5.975723623,,
,,,,,,,,,
BCP,1,1,0,1,0.014334529,6.824752028,1.902781315,,
,,,,,,,,,
BCQ,1,2,0,1,57.33347739,44.49192333,3.812636166,,
,,,,,,,,,
BCR,1,1,0,1.666666667,0,13.8372,0.144300144,,
,,,,,,,,,
BCS,1,2,0,1.666666667,0.008262395,0,0.66491243,,
,,,,,,,,,
BCT,1,1,0,1,0.026880852,0,1.096398155,,
,,,,,,,,,
BCV,1,1,0,2,22.99038462,22.30407667,1.198257081,,
,,,,,,,,,
BDA,1,1.666666667,0,1.333333333,0.343112141,0,1.397730809,,
,,,,,,,,,
BDB,1,2,0,2,16.9525433,27.63815333,1.13600996,,
,,,,,,,,,
BDC,3,2,0,3,34.94708151,26.83697333,5.484820191,,
,,,,,,,,,
BDD,1,1.333333333,0,1.666666667,62.02475628,28.22924667,1.39207198,,
,,,,,,,,,
BDE,1,1,0,1,2.390688527,30.49413667,0.045742203,,
,,,,,,,,,
BDF,1.666666667,2,0,2,27.81976244,22.18411667,3.420762244,,
,,,,,,,,,
BDG,2.333333333,2,0,2.666666667,11.38045999,19.50859,4.781710664,,
,,,,,,,,,
BDH,1,1,0,1.666666667,4.565138537,32.73864667,0.536174066,,
,,,,,,,,,
BDI,1,1,0,2,0.165986177,11.539089,1.134595252,,
,,,,,,,,,
BDK,1,2,0,1.666666667,3.971867671,29.7788,1.383583737,,
,,,,,,,,,
BDL,1,1,0,1,0.002117478,0,0.585688821,,
,,,,,,,,,
BDM,1,1,0,1.666666667,0,0,0.425826896,,
,,,,,,,,,
BDN,1,1.333333333,0,1,11.85843383,13.61618333,1.566080978,,
,,,,,,,,,
BDP,2,2,0,2,41.21140854,25.31365,1.335483688,,
,,,,,,,,,
BDQ,1,2.666666667,0,3,79.67300748,32.19963,5.862547039,,
,,,,,,,,,
BDR,1,2,0,2,52.89293876,66.48599,1.328410152,,
,,,,,,,,,
BDS,1.666666667,1.333333333,0,1,0.027509725,5.470673333,4.916107857,,
,,,,,,,,,
BDT,2,2.666666667,0,3,46.65382446,37.02562,6.367597544,,
,,,,,,,,,
BDV,1,2,0,3,36.19257919,24.48406333,3.003423592,,
,,,,,,,,,
BEA,2,2.666666667,0,3,19.38808206,20.50459333,0.333870922,,
,,,,,,,,,
BED,1,2.333333333,0,3,44.52945689,52.29213667,3.39671222,,
,,,,,,,,,
BEE,2,3,0,3,80.55910228,24.6115,22.61126673,,
,,,,,,,,,
BEF,1,1,0,1.666666667,0.594653121,0,1.250601251,,
,,,,,,,,,
BEG,1,1,0,1,0.006092038,0,0.39753275,,
,,,,,,,,,
BEH,1.666666667,2,0,2,0.088070453,0,0.683303624,,
,,,,,,,,,
BEI,1,1,3,1,0.027416345,0,8.270378859,,
,,,,,,,,,
BEK,1,1,3,1.666666667,0.004509685,19.3088,14.546492,,
,,,,,,,,,
BEM,1,1,3,1.666666667,0.018551032,11.85161333,19.23671826,,
,,,,,,,,,
BEN,1,1,3,1.333333333,0.478951211,0,7.969517773,,
,,,,,,,,,
BEP,1,1,4,1,0.151667336,0,18.86323553,,
,,,,,,,,,
BEQ,1,1,0,1,0.057926505,10.947155,0.922860727,,
,,,,,,,,,
BER,1,1,0.333333333,1,54.58264234,59.88308088,2.708221336,,
,,,,,,,,,
BES,1,1,0,1,16.12452978,16.99138,1.615124164,,
,,,,,,,,,
BET,1,2,0,1,60.83147978,67.54463,2.637014402,,
,,,,,,,,,
BEV,1.333333333,2,0,1,85.91814812,66.99442008,3.314659197,,
,,,,,,,,,
BFB,1,2,3,1,0,0,23.77698554,,
,,,,,,,,,
BFC,1,1.333333333,0,1,0,0,1.321336615,,
,,,,,,,,,
BFD,1,1,0,1,3.061298306,20.25019,0.444218091,,
,,,,,,,,,
BFE,1,1,0.333333333,1.666666667,1.935081641,52.08363333,1.693404635,,
,,,,,,,,,
BFG,1,1,0,1,0.235021325,56.23503899,1.333125843,,
,,,,,,,,,
BFH,1,1,0.666666667,1,29.117221,39.1456693,25.97544068,,
,,,,,,,,,
BFK,1,1,0,1,23.40548726,21.934,0.991709815,,
,,,,,,,,,
BFL,1,2,0,1,0.004575466,0,1.979175509,,
,,,,,,,,,
BFM,1,1,0.333333333,1.666666667,0.612403328,40.10117792,0.616340812,,
,,,,,,,,,
BFN,1,1,0.666666667,1.666666667,14.17331383,33.20516667,44.0087146,,
,,,,,,,,,
BFP,3,1,0,1.666666667,0.006024096,0,1.553348612,,
,,,,,,,,,
BFQ,1,1,0,1,0.046002975,0,2.448858331,,
,,,,,,,,,
BFR,1,1,0,1,0.007062592,16.85992892,1.987192183,,
,,,,,,,,,
BFS,1,1,0.333333333,1.333333333,65.65298633,32.44425219,16.28422413,,
,,,,,,,,,
BFT,1,1.666666667,0.666666667,1,53.91164337,17.94668737,23.5364853,,
,,,,,,,,,
BFV,1,1,1,2,48.14816474,25.01568282,34.09727527,,
,,,,,,,,,
BGA,1,1,1,1.666666667,67.92009273,26.71518222,66.83784625,,
,,,,,,,,,
BGB,1.666666667,1.666666667,0.333333333,1,73.18949477,55.46148667,9.095153213,,
,,,,,,,,,
BGC,1,1.333333333,0.333333333,2,46.42904618,23.52364755,40.30076677,,
,,,,,,,,,
BGD,1.666666667,1,1.333333333,2,49.96922241,23.81909247,21.17062313,,
,,,,,,,,,
BGE,1,1,0,1.666666667,69.42167717,25.26054335,1.155815862,,
,,,,,,,,,
BGF,1,1,0.666666667,1,32.01557927,32.88909277,17.75457658,,
,,,,,,,,,
BGG,1,1.333333333,0,1,9.671971507,26.27701692,12.95353158,,
,,,,,,,,,
BGH,1,1.333333333,0,1,48.87829884,23.60476119,17.9663111,,
,,,,,,,,,
BGI,1.333333333,1.666666667,1.666666667,1.666666667,57.70351295,19.79545832,31.56730706,,
,,,,,,,,,
BGK,1,1,0,1,55.63047328,43.60586535,23.7684973,,
,,,,,,,,,
BGL,1,1,0.666666667,1,74.293328,24.08009263,13.07472484,,
,,,,,,,,,
BGM,1,1,2,1,50.34787638,16.58428422,25.23602033,,
,,,,,,,,,
BGN,2,2,1,2,88.80989564,47.22946941,52.43046714,,
,,,,,,,,,
BGP,1.666666667,2.666666667,1.333333333,1.333333333,86.69973783,18.11643333,6.808986221,,
,,,,,,,,,
BGQ,1,1,0.333333333,1,44.24277327,22.50924854,64.02493657,,
,,,,,,,,,
BGR,1,1.666666667,1,2,74.42717443,26.96346449,7.150402248,,
,,,,,,,,,
BGS,1,1,0,1.666666667,51.44509312,56.89052199,1.048769676,,
,,,,,,,,,
BGT,1,1,1,2,64.10663992,31.78305454,43.67342897,,
,,,,,,,,,
BGV,2,2,0.666666667,1.666666667,83.59366047,54.07214141,22.27079384,,
,,,,,,,,,
BHA,1,1,3.333333333,1,0.00438247,0,8.396759377,,
,,,,,,,,,
BHB,1,1.666666667,0,2,0.013925637,12.92074843,0.837978289,,
,,,,,,,,,
BHD,1,1,0,1,0.059867384,9.56985769,1.215233568,,
,,,,,,,,,
BHE,1,1,0,1,0.00463991,0,1.082722651,,
,,,,,,,,,
BHF,1,1,0,1,0.012216244,0,2.117345255,,
,,,,,,,,,
BHG,1,1,0,1,0.040036822,0,1.173735487,,
,,,,,,,,,
BHH,1,1,0,1,0.02422122,10.86429676,1.121862887,,
,,,,,,,,,
BHK,1,1,0,1.333333333,3.132208729,16.95076534,1.111016797,,
,,,,,,,,,
BHL,1,1,0.333333333,1,3.329110135,39.93274382,3.860264645,,
,,,,,,,,,
BHM,1,2,0,2,0.034736294,0,1.126578578,,
,,,,,,,,,
BHN,1,2,0,1.666666667,10.53936006,14.89322817,4.586481057,,
,,,,,,,,,
BHP,1,2,0,1,0,0,2.021616727,,
,,,,,,,,,
BHQ,1,2,0,1.333333333,0.023620403,0,1.17750804,,
,,,,,,,,,
BHR,1,1,0,1,0.069169339,0,1.439700459,,
,,,,,,,,,
BHS,1,1,0,1,0.034093123,0,0.861085175,,
,,,,,,,,,
BHT,1,2,0,1,1.076534931,25.07048518,0.836563582,,
,,,,,,,,,
BHV,1,1,1.333333333,1,10.71785901,26.26871548,1.005856888,,
,,,,,,,,,
BIA,1,1,0,1.333333333,13.75025946,22.06156188,1.328410152,,
,,,,,,,,,
BIB,1,1,0,1,13.21107195,15.73480226,1.133180545,,
,,,,,,,,,
BIC,1,1,0,1,0.002141695,0,2.050854012,,
,,,,,,,,,
BID,1,3.666666667,0.333333333,3,75.28015291,31.65505659,10.12977582,,
,,,,,,,,,
BIE,1,2,0,1.333333333,2.129997377,12.1181549,1.514208377,,
,,,,,,,,,
BIF,1,1,0,1,0.313095803,7.749868573,1.344443501,,
,,,,,,,,,
BIG,1,1,0,1,1.476458392,12.40554127,0.967188222,,
,,,,,,,,,
BIH,1,1,0,1,0.102126392,0,0.872402833,,
,,,,,,,,,
BII,1,2,0,2,0.0275659,0,1.131294269,,
,,,,,,,,,
BIK,1,1,0,1,0.112116463,21.89020845,1.250601251,,
,,,,,,,,,
BIL,1,1,0,1,4.998180161,17.73217495,1.106772675,,
,,,,,,,,,
BIM,1,2,0,1.666666667,0.107854224,10.7734299,0.727159551,,
,,,,,,,,,
BIN,1,2,0,2,0.151931431,10.60046307,2.023503004,,
,,,,,,,,,
BIP,1,1,0,1,0.0483319,12.86911857,1.075649115,,
,,,,,,,,,
BIR,1,1,0,1,0.020413718,0,0.541361326,,
,,,,,,,,,
BIS,1,1.666666667,0,1.333333333,0.019383943,0,0.551735846,,
,,,,,,,,,
BIT,1,1.666666667,0,1,0.027608581,0,1.794791991,,
,,,,,,,,,
BKA,1,1,0,1,0.40330489,12.07018951,1.049241245,,
,,,,,,,,,
BKC,1,1,0,1,0.024621721,0,1.145441342,,
,,,,,,,,,
BKD,1,1,0,1,0.245187506,21.11467462,0.941251922,,
,,,,,,,,,
BKE,1,1,0,1,0.072273486,0,0.681417348,,
,,,,,,,,,
BKF,1,1,0,2,17.52594819,18.77421825,3.452828943,,
,,,,,,,,,
BKG,1,1,0,1,0.014610271,0,0.843637118,,
,,,,,,,,,
BKH,1,1,0,1,0.598750972,9.787102373,0.688962454,,
,,,,,,,,,
BKI,1,1,0,1,2.866391576,19.37475675,0.747437022,,
,,,,,,,,,
BKK,1,1,0,1,4.279480006,6.140603333,1.333597412,,
,,,,,,,,,
BKL,1,2,0,1.666666667,24.66539998,10.93217273,1.499589735,,
,,,,,,,,,
BKM,1,1,0,1,0.009786702,0,2.546473135,,
,,,,,,,,,
BKN,1,1,0,1,2.992941875,16.78510092,0.618227089,,
,,,,,,,,,
BKP,1,1,0,1.333333333,0.986927959,15.34430941,1.848550868,,
,,,,,,,,,
BKQ,1,1,0,1,0.033102224,5.020586667,1.793848853,,
,,,,,,,,,
BKR,1,1,0,1,0.00459897,15.93346004,1.289741486,,
,,,,,,,,,
BKS,1,2,0,1.333333333,0.032039122,0,0.673872242,,
,,,,,,,,,
BKT,1,1,0,1,0.022682061,5.742736667,1.298701299,,
,,,,,,,,,
BLA,1,1,0,1,21.48054843,12.07179779,1.802337096,,
,,,,,,,,,
BLB,1,1,3,1,0.010926583,14.79098276,45.84972036,,
,,,,,,,,,
BLC,1,2,3.666666667,2,0.007653293,0,20.38357431,,
,,,,,,,,,
BLD,1,1,3,1,0.006428801,0,16.67751276,,
,,,,,,,,,
BLE,1,1,3,1,0,4.823906667,23.43745579,,
,,,,,,,,,
BLF,1,1,0,1,0.013902405,0,0.578615284,,
,,,,,,,,,
BLG,1,1,0.333333333,1,0.058910645,0,6.404379934,,
,,,,,,,,,
BLI,1,1,1,1,0.028625386,0,4.814720501,,
,,,,,,,,,
BLK,1,1,0,1,3.885562002,24.93984277,1.814126324,,
,,,,,,,,,
BLL,1,1,0,1,1.668691813,22.73621134,1.494402475,,
,,,,,,,,,
BLM,1.666666667,2,0,2,0,0,0.99453923,,
,,,,,,,,,
BLN,1,1,0.666666667,1,0.017948166,17.48035519,1.15157174,,
,,,,,,,,,
BLP,1,0,0.333333333,1,0,0,2.536570184,,
,,,,,,,,,
BLQ,1,1,0,1,1.764113696,10.452455,1.305303266,,
,,,,,,,,,
BLR,1,1,0,1,6.769367479,57.01744901,1.242584576,,
,,,,,,,,,
BLS,1,1,0,1,0.200494838,0,0.914844052,,
,,,,,,,,,
BLT,1,1,1.333333333,1,8.372601145,0,6.671288044,,
,,,,,,,,,
BLV,1,1,0,1,0.006623394,0,0.91059993,,
,,,,,,,,,
BMA,1,1,0,1,0.190054008,0,1.304831697,,
,,,,,,,,,
BMB,1,1,0,1,0.263251965,0,1.202029633,,
,,,,,,,,,
BMC,1,1,0,1,9.293112767,0,1.72735761,,
,,,,,,,,,
BMD,2,2,0,2,57.32293134,50.50316333,2.283337577,,
,,,,,,,,,
BME,1,2,3.333333333,1.666666667,0.261782535,29.93355667,58.21143272,,
,,,,,,,,,
BMF,1.666666667,2,0,1.666666667,0.901784342,8.212296667,0.835620443,,
,,,,,,,,,
BMG,1,1.666666667,0,2,0.064023329,14.63209,0.196172745,,
,,,,,,,,,
BMH,1,1,0,1,0.068948428,0,0.51825444,,
,,,,,,,,,
BMI,1,1,0,1,0.026112574,0,0.408850409,,
,,,,,,,,,
BMK,1,1,0,1,0.01632813,0,1.006800026,,
,,,,,,,,,
BML,1,1,0,1.666666667,0.014327106,10.879734,0.074507918,,
,,,,,,,,,
BMM,1,1,0,2,0.303109687,12.83815667,0.179196258,,
,,,,,,,,,
BMN,1,2,0,2,0.026179724,0,0.970489206,,
,,,,,,,,,
BMQ,1,2.666666667,0,3,53.4632552,18.96506667,1.733488008,,
,,,,,,,,,
BMR,1.666666667,2,0.333333333,3,80.77218307,33.60859667,7.917645173,,
,,,,,,,,,
BMV,2,1.666666667,0,1.333333333,2.049396014,27.17091,0.85825576,,
,,,,,,,,,
BNA,1.333333333,1,0,1.333333333,36.6605341,36.72598667,0.750266437,,
,,,,,,,,,
BNB,2,2,0,3,12.81553649,40.04925667,2.377651397,,
,,,,,,,,,
BNC,2,2,0,1.666666667,9.807501815,27.29381333,2.215903196,,
,,,,,,,,,
BND,2.333333333,4.333333333,0,4,64.38338771,51.51019333,4.603929114,,
,,,,,,,,,
BNE,2.333333333,2,0,2,63.81126149,38.60147667,0.912014638,,
,,,,,,,,,
BNF,1,1,0,1,0,0,0.772901753,,
,,,,,,,,,
BNG,1,1,0,1.333333333,0.002556825,0,0.208905111,,
,,,,,,,,,
BNH,1,1,2,1,0.028994676,25.88359667,16.29931434,,
,,,,,,,,,
BNI,1,2,0,1,0,0,0.466381839,,
,,,,,,,,,
BNK,1,1,0,1,37.44667936,27.93498,0.632845731,,
,,,,,,,,,
BNL,1,1,0,1,0.100706709,23.76755,0.576257439,,
,,,,,,,,,
BNM,1,1,0,1,0.15778253,0,1.444887719,,
,,,,,,,,,
BNN,1,1,0,1,46.81188466,29.02955667,1.54910449,,
,,,,,,,,,
BNP,1,1,0,1,16.54821851,48.92601333,2.023974573,,
,,,,,,,,,
BNQ,1,1,0,1.333333333,17.69129092,37.72267,1.195899235,,
,,,,,,,,,
BNR,1,1,0,1,8.797935856,33.72691667,0.536174066,,
,,,,,,,,,
BNT,1,1,0,1,0.795265696,32.47592333,0.525327976,,
,,,,,,,,,
BNV,1,1,0,1,4.51673771,13.39967333,0.457422026,,
,,,,,,,,,
BPA,1,3.333333333,0,3.333333333,14.22375088,45.52844333,1.641532034,,
,,,,,,,,,
BPB,1,1,0,1,0,0,0.772901753,,
,,,,,,,,,
BPC,1.333333333,1.666666667,0,1.666666667,9.146165356,39.21585,1.000669628,,
,,,,,,,,,
BPF,1,2,0,2.666666667,84.35076143,55.43188333,1.793377284,,
,,,,,,,,,
BPG,1,1.333333333,1.333333333,1,66.10510604,55.74745,10.35848683,,
,,,,,,,,,
BPH,1,1,1,1,67.61657521,98.16060333,12.29757896,,
,,,,,,,,,
BPI,1,1,0,1,0.045096043,48.41274,1.226079657,,
,,,,,,,,,
BPK,1,1,0,1,7.124427582,51.70166,0.941251922,,
,,,,,,,,,
BPL,1,1,0.666666667,1,0,0,9.088079676,,
,,,,,,,,,
BPM,1,2,0,1,0.008587745,0,0.785634119,,
,,,,,,,,,
BPN,1,1.333333333,0,2,0.293806806,48.18974,0.704052665,,
,,,,,,,,,
BPP,1,1.333333333,4,1,0.111150417,50.00672,20.19400353,,
,,,,,,,,,
BPQ,1,1,3,1,0.003951086,0,9.545030133,,
,,,,,,,,,
BPR,1,1,3.666666667,1,0.062722141,0,13.37935848,,
,,,,,,,,,
BPT,1,1,0,1,0.246558408,0,1.21429043,,
,,,,,,,,,
BPV,1,1,0,1,0.006838074,0,1.991436305,,
,,,,,,,,,
BQA,1,1,2.666666667,1,0,0,4.969866735,,
,,,,,,,,,
BQB,1,1,0.333333333,1,0.150653642,0,2.125361929,,
,,,,,,,,,
BQC,1,1,0,1,0,0,1.547218214,,
,,,,,,,,,
BQE,1,1,0,1,8.023911466,34.07612,1.159116845,,
,,,,,,,,,
BQG,1,1,0,1,0,0,1.181752162,,
,,,,,,,,,
BQH,1,1.333333333,0,1,0,0,0.99453923,,
,,,,,,,,,
BQI,1,1,0,1.333333333,0.051668287,0,1.097341293,,
,,,,,,,,,
BQM,1,1,0,1,0,0,1.160059984,,
,,,,,,,,,
BQN,1,1,3,1,0,0,24.91676805,,
,,,,,,,,,
BQP,1,1,0,1,0.002406913,0,2.369634723,,
,,,,,,,,,
BQQ,1,1,0,1,1.109011435,32.23976,1.13553839,,
,,,,,,,,,
BQR,1,3,0,3,29.97836863,40.444165,2.443671071,,
,,,,,,,,,
BQS,3,3.666666667,0,4,68.46486867,105.239715,2.480453461,,
,,,,,,,,,
BQT,1,1,0,1,60.52669091,49.11917,1.310018957,,
,,,,,,,,,
BRA,1.666666667,1.666666667,0,1,54.53991705,37.520325,1.246828698,,
,,,,,,,,,
BRB,1,1,0,1,0.050188144,0,0.705938941,,
,,,,,,,,,
BRC,1,1,4,1,0,0,15.29062804,,
,,,,,,,,,
BRD,1,1,0,1,0.060826961,25.139765,0.988408832,,
,,,,,,,,,
BRE,1,1,4,1,0.846203459,24.5064,26.95913382,,
,,,,,,,,,
BRF,1,1,0,1,0.002067055,0,1.47601128,,
,,,,,,,,,
BRG,1,2,0,1,0.002269581,0,0.276811061,,
,,,,,,,,,
BRH,1,1,3,1,0.06093204,0,15.09964255,,
,,,,,,,,,
BRK,1,1,0,1,0.002168868,0,1.986720614,,
,,,,,,,,,
BRM,1,2.333333333,1,1,31.51617346,0,1.856567543,,
,,,,,,,,,
BRP,1,1,0,1,0.564082621,0,0.036310821,,
,,,,,,,,,
BRV,1,2,2,1,76.43880996,33.29407,60.46789086,,
,,,,,,,,,
BSA,1,1,0,1,0.008986706,0,2.189023758,,
,,,,,,,,,
BSB,5,3,0,3,74.43859017,44.806105,2.014543191,,
,,,,,,,,,
BSC,1,1,0,1,44.7110638,41.26288,3.038791274,,
,,,,,,,,,
BSD,1,1.666666667,0,1,25.22763628,40.65084,1.019060823,,
,,,,,,,,,
BSE,1,1,0,1,26.22963417,14.86595,3.330692546,,
,,,,,,,,,
BSG,1,1,0,1,13.83132733,35.67664,2.495543672,,
,,,,,,,,,
BSI,1,1.333333333,2,1,0.341913974,0,15.88716295,,
,,,,,,,,,
BSK,1,1,0,1,0.041437991,0,2.672853653,,
,,,,,,,,,
BSL,1,1,0,1,0.109689776,28.02349,1.122806025,,
,,,,,,,,,
BSM,1,1,0,1,0.022248558,0,1.113374643,,
,,,,,,,,,
BSN,1,1,0,1,0.002059138,0,1.97823237,,
,,,,,,,,,
BSP,1,1,4,1,0.055465514,0,23.9179847,,
,,,,,,,,,
BSR,1,2,0,1.666666667,0.178337867,0,1.739618406,,
,,,,,,,,,
BSS,1,2,0,1,0.039911836,0,1.58069962,,
,,,,,,,,,
BST,1,1.333333333,0,1,59.56157284,19.927755,1.987663752,,
,,,,,,,,,
BTA,1,1.333333333,0,1,5.87207035,13.10481667,1.117618765,,
,,,,,,,,,
BTB,1,1,0.666666667,1,0.390478863,39.54703667,0.347546426,,
,,,,,,,,,
BTC,4,5,1.333333333,4.333333333,64.80621387,22.73003,1.629271237,,
,,,,,,,,,
BTD,1,1,0.666666667,1,5.038421437,86.429556,0.490903432,,
,,,,,,,,,
BTE,1,1,0,1,0.05173239,24.25686333,0.07875204,,
,,,,,,,,,
BTF,1,1,0,1,0,0,1.245413991,,
,,,,,,,,,
BTG,1,1,0,1,35.48781332,49.576425,5.714945911,,
,,,,,,,,,
BTH,1,1.333333333,4,1,10.01741413,37.316085,23.35210178,,
,,,,,,,,,
BTI,1,1,4,1,0.005802147,0,26.46068528,,
,,,,,,,,,
BTL,1,1,4,1,0.367855796,29.26678,35.37475596,,
,,,,,,,,,
BTN,1,1,0,1,0,0,1.692461496,,
,,,,,,,,,
BTP,1.333333333,1,0,1,0.128777865,0,0.729517396,,
,,,,,,,,,
BTR,1,2,0,1,0.035656246,0,0.948325458,,
,,,,,,,,,
BTS,1,1,0,1,0.02399651,0,8.825415688,,
,,,,,,,,,
BTT,1,1,0,1,0.004265575,0,1.089796188,,
,,,,,,,,,
BTV,1,1.333333333,0,1,0.004593583,0,1.24588556,,
,,,,,,,,,
BVA,1,1,0,1,0.010938476,0,0.925690141,,
,,,,,,,,,
BVB,1,1,0,1,0.025549776,0,2.833187147,,
,,,,,,,,,
BVD,1,1,0,1,0.006030121,0,1.166190382,,
,,,,,,,,,
BVE,1,1,0,1,0.102739098,0,0.149015835,,
,,,,,,,,,
BVF,1,1,0,1,1.121403584,0,2.278621886,,
,,,,,,,,,
BVK,1,2,0,1,0.118329859,0,0.991709815,,
,,,,,,,,,
BVM,1,1,0,1,0.010823917,0,0.695092852,,
,,,,,,,,,
BVT,1.333333333,2,2.666666667,2,0,0,36.24338624,,
,,,,,,,,,
BVV,1,1,3.333333333,1,0.04434011,0,40.41394336,,
,,,,,,,,,
CAA,1,1,2.333333333,1,0,0,31.78470041,,
,,,,,,,,,
CAB,1,1,1,1,0.003036099,0,13.38737515,,
,,,,,,,,,
CAC,1,1,3.666666667,1,0.019103565,0,36.14954399,,
,,,,,,,,,
CAD,1,1,3.666666667,1,0.019954106,0,29.35659112,,
,,,,,,,,,
CAE,1,1,0,1,0.481148132,30.3048,1.47082402,,
,,,,,,,,,
CAF,1,1,0,1,0.667902246,39.260845,1.006800026,,
,,,,,,,,,
CAH,1,1,0,1.666666667,0.003397374,0,1.987192183,,
,,,,,,,,,
CAK,1,1,0,2,0.005536179,0,1.326052306,,
,,,,,,,,,
CAL,1,1,0,1,0,0,0.615397674,,
,,,,,,,,,
CAM,1,1,0,1,0.010912861,40.94916154,0.536645635,,
,,,,,,,,,
CAN,1,1.333333333,0,1,0,0,0.850710655,,
,,,,,,,,,
CAP,1,1,0,1,0,0,0.779032152,,
,,,,,,,,,
CAQ,1,1.333333333,0,1.666666667,0,0,1.131294269,,
,,,,,,,,,
CAR,1.666666667,2,4,2,0,0,28.13852814,,
,,,,,,,,,
CAS,1,1,0,1,0.252891566,26.73236,1.397730809,,
,,,,,,,,,
CAT,1,2,4,2,0,0,26.8511445,,
,,,,,,,,,
CAV,1,1,4,1,0,0,38.99027625,,
,,,,,,,,,
CBA,1,2,0,1,0.028306742,0,2.973714738,,
,,,,,,,,,
CBB,1,1,4,2,4.480189525,0,38.63942884,,
,,,,,,,,,
CBC,1,1,4,1,0.017319016,0,42.28465797,,
,,,,,,,,,
CBD,1,1,4,1,0,0,37.99432231,,
,,,,,,,,,
CBE,1,1.333333333,4,2,1.902278166,0,41.98238218,,
,,,,,,,,,
CBF,1,1,0,1,0.430971352,19.55493,0.099029511,,
,,,,,,,,,
CBG,1,1.666666667,0,1,0.020131072,0,1.351045469,,
,,,,,,,,,
CBH,1,1,1.333333333,1,22.4611663,37.69652,0.95775684,,
,,,,,,,,,
CBI,1,1.666666667,1.333333333,1,0,0,30.49967462,,
,,,,,,,,,
CBL,1,1,0,1,23.47379592,42.47722714,1.71132426,,
,,,,,,,,,
CBN,1,1.666666667,0,1,3.402633899,13.94611,1.18835413,,
,,,,,,,,,
CBR,1,1,0,1,59.50828628,19.2428018,0.045270634,,
,,,,,,,,,
CCC,1,1,0,1,0.360213524,0,2.131020758,,
,,,,,,,,,
CCD,1,1,0,1,0.052363173,0,1.032264758,,
,,,,,,,,,
CCE,1,1,0,1,0.005411548,0,0.608324138,,
,,,,,,,,,
CCF,1,1,0,1,0.053418803,0,0.452234766,,
,,,,,,,,,
CCG,1,1.333333333,0,1,0.091208825,0,0.615397674,,
,,,,,,,,,
CCH,1,1,0,1,0.006098041,0,1.58069962,,
,,,,,,,,,
CCL,1,1,0,1,0.129583456,0,0.567769195,,
,,,,,,,,,
CCM,1,1,0.666666667,1,0,0,9.149855228,,
,,,,,,,,,
CCN,1,1,0,1,16.19871496,27.73055,1.486857369,,
,,,,,,,,,
CCP,1,1,0,1,0.004018727,0,1.172792349,,
,,,,,,,,,
CCQ,1.333333333,1,0,1,0,0,2.047081459,,
,,,,,,,,,
CCR,1.333333333,1,0,1,0.030726964,0,1.756594894,,
,,,,,,,,,
CCS,1,1.666666667,0,1.333333333,0.089976692,54.16921252,1.326052306,,
,,,,,,,,,
CCT,1,1.666666667,0,1.666666667,0.007801886,30.393935,3.711248809,,
,,,,,,,,,
CCV,1,1,0,1,0.55085205,56.39062,38.2706618,,
,,,,,,,,,
CDA,1,2,0,2,7.309822466,0,0.402720011,,
,,,,,,,,,
CDB,1,1,0,1,0.362627695,9.999295,0.944081336,,
,,,,,,,,,
CDC,1,1,0,1,0.991916952,23.290055,1.342085656,,
,,,,,,,,,
CDD,1,1,0,1,0.001961592,10.526655,0.830433183,,
,,,,,,,,,
CDE,1,2,0,1.333333333,0.085092043,0,0.698865405,,
,,,,,,,,,
CDF,1,1,0,1,0,0,1.54391723,,
,,,,,,,,,
CDG,1,1,0,1,0.001959632,0,2.377179828,,
,,,,,,,,,
CDH,1,1,0,1,0.03326689,0,1.357175867,,
,,,,,,,,,
CDI,1,1,0,1,0.115118203,0,2.550245688,,
,,,,,,,,,
CDK,1.333333333,1,0,2,0.014272461,0,0.200888436,,
,,,,,,,,,
CDL,1,1,0,1,0.067580891,0,2.352658235,,
,,,,,,,,,
CDM,1,1,0,1,14.26402114,37.626535,2.345584699,,
,,,,,,,,,
CDN,1,1,0,1,2.854811203,38.317635,0.878533231,,
,,,,,,,,,
CDP,1,1,0,1,0.002248909,0,0.642277113,,
,,,,,,,,,
CDQ,1,1,0,1,0.027870842,0,0.916258759,,
,,,,,,,,,
CDR,1,2,0,1.333333333,0.013276204,0,1.540616246,,
,,,,,,,,,
CDS,1,1.5,0,1,0.032173205,0,1.934376444,,
,,,,,,,,,
CDT,1,1,0,1,0,0,1.297286591,,
,,,,,,,,,
CDV,1,1,0,1,0.026667244,9.90607,0.815814541,,
,,,,,,,,,
CEA,1,1,0,1,0.007258474,0,0.186269794,,
,,,,,,,,,
CEB,1,1,0,1,0.036218516,0,1.593431986,,
,,,,,,,,,
CEC,1,1,0,1,0,9.312365,2.393684747,,
,,,,,,,,,
CED,1,1,0,1,0.111561649,0,2.239010082,,
,,,,,,,,,
CEE,1,1,3.333333333,1,0.226079935,0,25.11152609,,
,,,,,,,,,
CEF,1,1,0,1,0.914200603,24.35637,2.277678748,,
,,,,,,,,,
CEG,1,1,0,1,0.018830601,0,0.726687982,,
,,,,,,,,,
CEH,1,1,0,1.333333333,0.103468599,8.191215,1.13600996,,
,,,,,,,,,
CEI,1,1,0,1,0,0,0.738477209,,
,,,,,,,,,
CEK,1,2,0,1.333333333,0,0,3.369361212,,
,,,,,,,,,
CEL,1,1.5,0,1,0,0,3.07227268,,
,,,,,,,,,
CEM,1,1,0,1,0.052764587,0,0.316894435,,
,,,,,,,,,
CEN,1.333333333,1.5,0,1.333333333,0.001814651,0,1.976346094,,
,,,,,,,,,
CEP,2,1.5,0,1,0.013351135,0,1.650020277,,
,,,,,,,,,
CEQ,1,1,0,1,0.005234506,0,0.832791029,,
,,,,,,,,,
CER,1,1.666666667,0,1,73.73670747,0,18.28744966,,
,,,,,,,,,
CES,1.333333333,1,0,2,45.95873558,0,3.020871648,,
,,,,,,,,,
CET,1.666666667,1.666666667,0,1.666666667,0.089432828,0,2.231936546,,
,,,,,,,,,
CEV,1.333333333,1,0,1.666666667,0.412700325,0,0.106103047,,
,,,,,,,,,
CFA,1,3,0,1,0.648130525,27.49579,1.168076658,,
,,,,,,,,,
CFB,1,1,0,1,0.004436459,0,0.673400673,,
,,,,,,,,,
CFC,1,1,0,1,0.375868192,0,1.915985249,,
,,,,,,,,,
CFD,1,1.333333333,2,1.333333333,0.18110755,0,0.461194579,,
,,,,,,,,,
CFE,1,1,0,1,0.022571325,0,1.71651152,,
,,,,,,,,,
CFG,1,1,0,1,85.28219619,28.00262333,1.354818021,,
,,,,,,,,,
CFH,1,1,0,1,3.938822478,11.95357862,1.286440502,,
,,,,,,,,,
CFI,1,1,1,1,0.217788021,29.04810731,0.326325817,,
,,,,,,,,,
CFM,1.333333333,1.666666667,0,2,0.027153832,0,0.091012836,,
,,,,,,,,,
CFN,1,1,0.333333333,1,0.040778546,15.248552,0.063661828,,
,,,,,,,,,
CFP,1,1,0,1,0.097791609,16.30354667,0.13628347,,
,,,,,,,,,
CFQ,1,1,1,1,1.173657904,13.81752333,18.08184553,,
,,,,,,,,,
CFR,1,1,0,1,45.64830339,30.24163333,0.73800564,,
,,,,,,,,,
CFS,1,2,0,2,0.222569298,27.92003613,0.202303143,,
,,,,,,,,,
CFT,1.333333333,2.5,0,3.333333333,80.88867079,36.98495333,3.334936668,,
,,,,,,,,,
CFV,1,1,1.333333333,1,71.25973056,47.33246667,3.091135444,,
,,,,,,,,,
CGB,1,1,2,1,0.032854146,0,24.37116261,,
,,,,,,,,,
CGC,1,1,0,1,0.305651936,37.82281333,0.028765715,,
,,,,,,,,,
CGD,1,1,0,1,0,0,0.917673467,,
,,,,,,,,,
CGE,1,1,0,1,0,0,0.862028313,,
,,,,,,,,,
CGG,2,1,0,1,0,0,2.392741608,,
,,,,,,,,,
CGH,1,1.333333333,0,2,0.006235969,0,0.100444218,,
,,,,,,,,,
CGI,1.666666667,1,0,1,0.018270927,0,1.476482849,,
,,,,,,,,,
CGK,1,2,0,1,0.154186499,0,4.405398523,,
,,,,,,,,,
CGL,1,2,0,1.333333333,0.009863878,0,2.481396599,,
,,,,,,,,,
CGN,1.333333333,1.5,0,1,0.43735529,0,1.808467495,,
,,,,,,,,,
CGP,1,1.666666667,0,1,0.014254152,0,1.640588895,,
,,,,,,,,,
CGQ,1,1.333333333,0,1,0.101371733,0,1.626441823,,
,,,,,,,,,
CGR,1,1,0,1,1.022465468,0,39.17041564,,
,,,,,,,,,
CGS,1,1,0,1,0.014300423,0,1.930132322,,
,,,,,,,,,
CGT,1,1,0,1,0.048329608,0,1.066217733,,
,,,,,,,,,
CGV,1,1,1.666666667,1,0,0,26.05655057,,
,,,,,,,,,
CHA,1,1,0,1,0,0,0.83750672,,
,,,,,,,,,
CHB,1,1.333333333,0,1,0.006272345,9.196373333,2.251270879,,
,,,,,,,,,
CHC,1,1,0,1,0.108742932,0,2.185251205,,
,,,,,,,,,
CHD,1,1,1,1,0.48649138,17.67391333,16.37523696,,
,,,,,,,,,
CHE,1,1.5,0,1,22.26988779,0,0.848352809,,
,,,,,,,,,
CHF,1,1.333333333,1,1,0.168632069,17.69904,11.75668921,,
,,,,,,,,,
CHG,1,1.666666667,0,1,1.833038333,0,1.403389639,,
,,,,,,,,,
CHH,1,0,0,1,0.14461316,0,1.539201539,,
,,,,,,,,,
CHI,1,1.666666667,0,1,0.579750774,0,2.570523159,,
,,,,,,,,,
CHK,1,2,0,1,0.006776445,25.23358333,1.213347292,,
,,,,,,,,,
CHL,1.666666667,2,0,1.666666667,0,0,1.790547869,,
,,,,,,,,,
CHM,1.333333333,2,0,1.333333333,0.088718689,0,1.420366126,,
,,,,,,,,,
CHR,1,2,0,1,0.312350978,8.00685,1.895236209,,
,,,,,,,,,
CHS,1,1,0,1,0.075305648,0,1.617010441,,
,,,,,,,,,
CHT,1,1,0,1,0.020948166,0,1.486857369,,
,,,,,,,,,
CHV,2,2,0,2,0.324348676,0,1.659923229,,
,,,,,,,,,
CIA,1,1,0,1,0.011268367,0,2.015957898,,
,,,,,,,,,
CIB,1,1,0,1,0.137077546,13.087775,0.834205736,,
,,,,,,,,,
CIC,2,2,0.666666667,2,77.52439712,36.655415,74.60270303,,
,,,,,,,,,
CID,1,2,0,1,20.72425678,27.139,8.935291288,,
,,,,,,,,,
CIE,1,1,0,1,0.153234617,12.98079,0.189570778,,
,,,,,,,,,
CIF,1,1,0.333333333,1,21.46786071,0,2.907223495,,
,,,,,,,,,
CIG,1,2,0,1,0,0,2.41301908,,
,,,,,,,,,
CIH,1,1.333333333,0,2,17.43784974,26.92445,3.615048713,,
,,,,,,,,,
CII,1,1,0,1,57.37686623,23.546645,17.3254487,,
,,,,,,,,,
CIK,1,1.333333333,0,1,66.35308313,24.18229,44.22327854,,
,,,,,,,,,
CIM,1,2,0,1.333333333,0.034745227,0,2.079148158,,
,,,,,,,,,
CIN,2,2,0,2,0.002759382,0,2.545058427,,
,,,,,,,,,
CIP,1,1,0,1,0,0,1.257674787,,
,,,,,,,,,
CIR,1.333333333,2,0,2,0.006099421,0,0.998311783,,
,,,,,,,,,
CIS,1,2,0,2,0.003299459,0,0.818643956,,
,,,,,,,,,
CIT,1,1.666666667,0,1,0,0,2.056512841,,
,,,,,,,,,
CIV,1,2,0,2,0.01199976,0,0.92663328,,
,,,,,,,,,
CKA,1,2,0,1.666666667,50.76496893,21.73803,16.53321261,,
,,,,,,,,,
CKB,1,1.666666667,0,1,0,0,1.60144866,,
,,,,,,,,,
CKC,1,2,0,2,0.080027136,0,1.536843694,,
,,,,,,,,,
CKD,1.333333333,2,0,2,0.00616067,10.95656,2.105556027,,
,,,,,,,,,
CKE,1.666666667,2,0,2,0.006587615,0,3.053409916,,
,,,,,,,,,
CKF,1.666666667,2,0,2,0,0,1.003970612,,
,,,,,,,,,
CKG,1,2,0,2,0.034536892,0,0.843637118,,
,,,,,,,,,
CKH,1,1.666666667,0,2,0.016305766,0,0.489960294,,
,,,,,,,,,
CKI,1,2,0,2,0,0,0.379613125,,
,,,,,,,,,
CKK,1,1.333333333,0.333333333,1,0.130013801,16.83706,0.0839393,,
,,,,,,,,,
CKL,1,1,0,1.666666667,0.009205843,0,0.713012478,,
,,,,,,,,,
CKM,1,1.666666667,0,2,0,0,1.280781673,,
,,,,,,,,,
CKN,1,2,0,1,0.062878019,8.307065,1.470352451,,
,,,,,,,,,
CKP,1.333333333,2,0,2,0.003236037,0,0.921917589,,
,,,,,,,,,
CKQ,1.333333333,2,0,2,0.03136584,0,1.25626008,,
,,,,,,,,,
CKR,2,2,0,1.666666667,0.003012774,0,1.542974092,,
,,,,,,,,,
CKS,1,1.666666667,0,1,0.096439268,25.29882573,0.044799064,,
,,,,,,,,,
CKT,2,2,0,2,0.211026819,0,1.824972413,,
,,,,,,,,,
CKV,1,1,0.333333333,1,72.19359702,96.773135,33.55732866,,
,,,,,,,,,
CLA,1,1.333333333,1,1,0.185110981,9.763533667,0.128738364,,
,,,,,,,,,
CLB,1,2,0,1,0.064327485,0,0.941723491,,
,,,,,,,,,
CLC,1,2,0,1.333333333,0.018018018,0,0.923803865,,
,,,,,,,,,
CLD,1,1,0,1,0.006398059,0,1.05207066,,
,,,,,,,,,
CLG,2.333333333,2,0,2,5.715559711,12.87517,1.07800696,,
,,,,,,,,,
CLH,1,0,0,1,0,0,0.365466052,,
,,,,,,,,,
CLI,1,1.666666667,0,1,0.124400924,34.02373,2.738873327,,
,,,,,,,,,
CLK,2,2,0,2,0.453878224,0,2.396042592,,
,,,,,,,,,
CLL,2,2,0.666666667,2,0.099684066,0,15.28119665,,
,,,,,,,,,
CLM,2,2,0,2,0.003287311,0,0.693678145,,
,,,,,,,,,
CLN,1,2.666666667,2.666666667,1.666666667,0.029493246,0,26.72334927,,
,,,,,,,,,
CLP,1,2.666666667,2,2,0.551578534,0,22.6772864,,
,,,,,,,,,
CLR,1,2,2,1,0.505866515,0,17.22453291,,
,,,,,,,,,
CLS,2,2.666666667,3.333333333,2,23.87366829,23.9368,21.71198446,,
,,,,,,,,,
CLT,1,5,2,3,2.459063095,0,3.490554471,,
,,,,,,,,,
CLV,1,2,0.333333333,2,0.809038631,0,1.684444822,,
,,,,,,,,,
CMB,1.333333333,1.666666667,1,1.333333333,0.039819485,0,5.866319592,,
,,,,,,,,,
CMC,1,1.666666667,1,1,0.017910438,15.375205,7.95584227,,
,,,,,,,,,
CMD,1.666666667,2.666666667,1,1.333333333,0.003349635,0,8.775429364,,
,,,,,,,,,
CME,2,2,0,2,0.065765413,0,1.85798225,,
,,,,,,,,,
CMF,1,1,0,1,0.013205853,0,3.314659197,,
,,,,,,,,,
CMG,1,1,0,1,0.05202878,12.83932067,2.797347895,,
,,,,,,,,,
CMH,1,1,1,1,0,0,7.492761414,,
,,,,,,,,,
CMI,1,1.333333333,0,1,0,0,4.843957785,,
,,,,,,,,,
CMK,1,1,0,1,0.105231532,12.54839,2.725197823,,
,,,,,,,,,
CML,1.333333333,3.666666667,0,2,6.761259389,25.272045,2.375293552,,
,,,,,,,,,
CMM,1.333333333,5,0.333333333,3.666666667,23.28525016,16.81836333,2.480453461,,
,,,,,,,,,
CMN,1.666666667,2,0,2,0.005353032,0,1.086023635,,
,,,,,,,,,
CMP,1,1,0,1,0.010455056,0,1.176564902,,
,,,,,,,,,
CMQ,1,1,0,1,0,0,1.537786832,,
,,,,,,,,,
CMS,1,1,0,1,0.00973236,9.31155,0.837978289,,
,,,,,,,,,
CNB,1,1,0,1,0.044243525,0,0.843165549,,
,,,,,,,,,
CNC,1,2,0,1.666666667,0.004115226,0,1.190711975,,
,,,,,,,,,
CNE,1,1,0,1,0.004726234,0,0.360750361,,
,,,,,,,,,
CNF,1,1,0,1,0.158110658,0,0.84269398,,
,,,,,,,,,
CNH,1,1,0,1,0.083813346,3.96799,0.971903913,,
,,,,,,,,,
CNL,1,1,0,1,0.018812974,0,0.071206934,,
,,,,,,,,,
CNN,1,1,0,1,0.032181152,0,0.079695178,,
,,,,,,,,,
CNQ,1,1,0,1,0.116382486,0,0.196644314,,
,,,,,,,,,
CNS,1,1,0,1,1.453091019,0,0.551264277,,
,,,,,,,,,
CNT,1,1,0,1,0.404552177,0,2.260702261,,
,,,,,,,,,
CNV,1,1,0,1,0.004761905,0,1.205802186,,
,,,,,,,,,
CPA,1,1,0,1,0.002461114,0,0.203717851,,
,,,,,,,,,
CPB,1,0.666666667,0.333333333,1.333333333,16.02556832,30.56022333,0.564468212,,
,,,,,,,,,
CPC,1,1,0,1,0.035116361,27.83502333,0.042912788,,
,,,,,,,,,
CPD,1,1,1,1,35.07692,52.55725598,1.672655594,,
,,,,,,,,,
CPE,1,1,0,1,0.020922555,0,0.033481406,,
,,,,,,,,,
CPF,1,1,0,1,0.023330353,0,0.040083373,,
,,,,,,,,,
CPG,1,1,0,1,0.026236643,0,0.184855087,,
,,,,,,,,,
CPI,1,1,0,1,0.080179299,0,0.117892275,,
,,,,,,,,,
CPK,1,1,0,1,0.259137803,0,0.23012572,,
,,,,,,,,,
CPL,1.333333333,1,0,1.333333333,7.737796455,3.183520667,1.177036471,,
,,,,,,,,,
CPM,1,1,0,1,7.354658019,7.98675,0.599835894,,
,,,,,,,,,
CPN,1,1.333333333,0,1,0.26618705,0,0.189570778,,
,,,,,,,,,
CPQ,1,1,0,1,0.01935021,8.02611,0.081581454,,
,,,,,,,,,
CPR,1,1,0,1,0.006660743,0,0.056588292,,
,,,,,,,,,
CPS,1,1,0,1,0.002187083,15.76545,1.144498203,,
,,,,,,,,,
CPT,1,1.666666667,0,1,0.016030844,0,0.108460893,,
,,,,,,,,,
CQA,1.333333333,1,0,2,0,0,0.033009837,,
,,,,,,,,,
CQB,1,1,0,1,0.028473579,19.72237667,0.023106886,,
,,,,,,,,,
CQC,1,1,0,1,2.331764622,0,0.081109885,,
,,,,,,,,,
CQD,1,1,0,1,0.252852311,10.04897967,0.043384357,,
,,,,,,,,,
CQE,1,1,0,1,0.061416453,24.44188333,0.080638316,,
,,,,,,,,,
CQF,1,1,0,1,0.13568092,21.81542667,0.597949618,,
,,,,,,,,,
CQG,1,1,1.333333333,1,0.025320491,0,1.275594413,,
,,,,,,,,,
CQH,1,1,0,1,0.003895711,22.50191,0.288600289,,
,,,,,,,,,
CQI,1,1,0.666666667,1,0.652438426,14.93640333,0.133454055,,
,,,,,,,,,
CQK,1,1,0,1,0.017180739,23.50983,0.048571617,,
,,,,,,,,,
CQL,1,1.333333333,0,1,0.002192982,17.01701,0.095728527,,
,,,,,,,,,
CQM,1,1,0,1,0.005524862,22.02409667,0.040083373,,
,,,,,,,,,
CQN,1,1,0,1,0.004037712,25.45618667,0.017919626,,
,,,,,,,,,
CQP,1,1,0,1,0.00243309,22.69707,0.049514755,,
,,,,,,,,,
CQQ,1.333333333,1.666666667,0.333333333,2,0.092284369,0,1.0728197,,
,,,,,,,,,
CQR,1,1,0,1,0.898772509,0,0.072621641,,
,,,,,,,,,
CQS,1,1.333333333,0,1,0.017513135,0,0.880419508,,
,,,,,,,,,
CQV,1,1.333333333,0,1,0,0,1.532128003,,
,,,,,,,,,
CRA,1,1.666666667,0,1,0.027164518,0,0.904469532,,
,,,,,,,,,
CRB,1,2,0,1.333333333,0.379355661,32.223965,1.43404163,,
,,,,,,,,,
CRC,1,1,0,1,0.060361553,17.659725,1.304360128,,
,,,,,,,,,
CRD,1,1.333333333,2.333333333,1,32.5250862,50.121425,16.89584925,,
,,,,,,,,,
CRE,1,1,0,1,27.6164842,47.33705333,1.111016797,,
,,,,,,,,,
CRG,1,1,0,1,50.1093788,85.122505,3.701345858,,
,,,,,,,,,
CRH,1,1,3.666666667,1,42.67989185,49.277635,17.56783521,,
,,,,,,,,,
CRI,1,2,0,1.333333333,15.39512908,49.740015,0.410736685,,
,,,,,,,,,
CRK,1,1,0,1,0.196921072,0,0.588989805,,
,,,,,,,,,
CRL,1,1,0,1,0.879144361,28.3015,1.005385319,,
,,,,,,,,,
SACE_GAL,2,5,0,5,1.46752318,40,1.661337936,,
,,,,,,,,,
SACE_GAV,2,1.666666667,0,1,0.025784906,0,0.815814541,,
,,,,,,,,,
SACE_YAA,1.333333333,1.333333333,0,1,0,9.07998,1.895236209,,
,,,,,,,,,
SACE_YAB,1,1,0,1,40.62438318,28.61251,6.542078111,,
,,,,,,,,,
SACE_YAC,1,1,0,1,0.027083757,0,2.187137481,,
,,,,,,,,,
SACE_YAD,1,1,0,1,25.85651394,32.25438,1.45526224,,
,,,,,,,,,
SACE_YAE,2,2,0,2,3.702856853,0,1.50760641,,
,,,,,,,,,
SACE_YAF,1.666666667,2,0,2,0.00235538,0,2.804421432,,
,,,,,,,,,
SACE_YAG,1,3,0,2,44.94202708,33.552765,12.21741222,,
,,,,,,,,,
SACE_YAK,1,1,0,1,0.007626602,0,0.781861566,,
,,,,,,,,,
SACE_YAM,1,1,0,1,0.920061163,0,1.626913392,,
,,,,,,,,,
SACE_YAN,1,1,0,1,0.013606368,0,0.536174066,,
,,,,,,,,,
SACE_YAP,1,1,0,1,34.21699214,0,9.364419168,,
,,,,,,,,,
SACE_YAQ,1,1,0,1,33.24907546,0,21.66341284,,
,,,,,,,,,
SACE_YAR,1,1,0,1,0,0,0.631431024,,
,,,,,,,,,
SACE_YAT,1,1,0,1,1.523885577,0,0.697922267,,
,,,,,,,,,
SACE_YAU,1,2,0,1,0.329447719,0,1.268992445,,
,,,,,,,,,
SACE_YAV,1,2,0,1.333333333,59.93331496,47.58194161,7.246130776,,
,,,,,,,,,
SACE_YAW,1,2,0,1.666666667,67.43198086,24.33195,1.659451659,,
,,,,,,,,,
SACE_YAX,1,1,0,1,0.830556334,30.281025,1.478369125,,
,,,,,,,,,
SACE_YAY,1,0,0,1,0.227151231,0,1.417536712,,
,,,,,,,,,
SACE_YAZ,1,1,0,1,0.012153917,0,0.608795707,,
,,,,,,,,,
SACE_YBA,1,1,0,1,0.930842424,11.05031135,0.437144555,,
,,,,,,,,,
SACE_YBB,1,1,0,1,11.45393121,7.527279117,0.689905592,,
,,,,,,,,,
SACE_YBE,1,1,0,1,0.01007274,0,1.191183544,,
,,,,,,,,,
SACE_YBF,1,1,0,1,0.082667657,0,0.454592611,,
,,,,,,,,,
SACE_YBG,1,1,0,1,11.35765297,22.45972,1.371794509,,
,,,,,,,,,
SACE_YBH,1,1.333333333,0,1,0.183205561,0,1.113374643,,
,,,,,,,,,
SACE_YBJ,1.333333333,3.666666667,1.333333333,3,91.37743792,27.46622,63.25439267,,
,,,,,,,,,
SACE_YBK,1,1,0,1,0.848864304,0,2.191381603,,
,,,,,,,,,
SACE_YBL,1,1.333333333,0,1,0.017891465,35.68321,21.80346886,,
,,,,,,,,,
SACE_YBM,1.666666667,1,0,1.333333333,0.005159959,14.51159667,0.153259957,,
,,,,,,,,,
SACE_YBN,1,1,0.666666667,1,1.12684739,35.58552,0.182497241,,
,,,,,,,,,
SACE_YBO,1,3,0.333333333,1.666666667,24.52330943,38.79558,0.296145394,,
,,,,,,,,,
SACE_YBP,1,1,0,1,0.886756101,40.60087,0.271623801,,
,,,,,,,,,
SACE_YBQ,1.666666667,1.666666667,0,1,0.026600157,0,0.957285271,,
,,,,,,,,,
SACE_YBR,1,1,0,1,0,0,0.66491243,,
,,,,,,,,,
SACE_YBS,1,1,0,1,0,0,0.493261278,,
,,,,,,,,,
SACE_YBT,1,1,0,1,0.002392745,0,0.414980807,,
,,,,,,,,,
SACE_YBU,1,1.333333333,0,1,64.26026815,28.717835,30.21673316,,
,,,,,,,,,
SACE_YBV,1,1,0,1,0.345980811,0,0.696507559,,
,,,,,,,,,
SACE_YBW,1.333333333,1.5,0,1,1.657157224,24.71658057,0.84269398,,
,,,,,,,,,
SACE_YBX,1,1,0,1,0,0,1.343971932,,
,,,,,,,,,
SACE_YBY,1,1,0,1,8.807707487,0,1.849022437,,
,,,,,,,,,
SACE_YBZ,1,1,1.666666667,1,0,0,26.57574814,,
,,,,,,,,,
SACE_YCA,1,1,0,1,16.07250133,50.35439667,2.069716776,,
,,,,,,,,,
SACE_YCB,1,1,0,1,0.195049702,0,0.785634119,,
,,,,,,,,,
SACE_YCC,1,1,0,1,6.903199903,0,1.056314782,,
,,,,,,,,,
SACE_YCD,1,1,0,1,0.37991148,24.99005,1.670297749,,
,,,,,,,,,
SACE_YCE,1,1.5,0,1,19.11249114,26.29075,0.705938941,,
,,,,,,,,,
SACE_YCF,1,1.5,0,1,0.449899093,29.38582,0.722915429,,
,,,,,,,,,
SACE_YCG,1,2,0.333333333,1,35.37254912,40.19311,11.29690934,,
,,,,,,,,,
SACE_YCH,1,1,0,1,0.008331945,36.89033667,1.502890719,,
,,,,,,,,,
SACE_YCJ,1,2,1,2,0.264349505,0,1.445830858,,
,,,,,,,,,
SACE_YCM,1,1,0,1,74.60024492,42.361645,1.520338775,,
,,,,,,,,,
SACE_YCN,1,3,0,3,1.800567655,23.03438667,2.19845514,,
,,,,,,,,,
SACE_YCP,1,1,1.666666667,1,0.021059216,0,13.6934235,,
,,,,,,,,,
SACE_YCS,1,1.666666667,0,1.666666667,0.183844241,17.2700068,0.757339973,,
,,,,,,,,,
SACE_YCU,1,1,0.333333333,1,1.793169849,0,0.302275792,,
,,,,,,,,,
SACE_YCV,1,3,0,1.666666667,1.617919515,66.33245401,0.265964972,,
,,,,,,,,,
SACE_YDB,1,1,0,1,11.93367724,61.28682801,0.080166747,,
,,,,,,,,,
SACE_YDC,1,1,1.333333333,1,0.777873981,40.50995656,0.433372002,,
,,,,,,,,,
SACE_YDD,1,1,0,1,0.005847953,0,44.65759368,,
,,,,,,,,,
SACE_YDE,1,1,0,1,60.53743874,72.41299333,0.689434023,,
,,,,,,,,,
SACE_YDF,1,1,0.333333333,1,73.35373998,31.31811333,0.474870083,,
,,,,,,,,,
SACE_YDH,1,1,0,1.666666667,60.86323345,99.09594333,0.157504079,,
,,,,,,,,,
SACE_YDI,1,1,0,1,0.022162578,0,0.912014638,,
,,,,,,,,,
SACE_YDJ,1.333333333,1,0,1.333333333,0,0,0.143828575,,
,,,,,,,,,
SACE_YDK,2,1,0,2,0.009578544,0,0.375369003,,
,,,,,,,,,
SACE_YDM,1,1,0,1,0.015438111,0,1.040753002,,
,,,,,,,,,
SACE_YDN,1,2.666666667,0,3,72.95254518,68.87611,35.41012365,,
,,,,,,,,,
SACE_YDO,1,1.666666667,0,1,22.26115996,27.014275,2.178177668,,
